timestamp,request_count
2024-11-15 16:00:00,1
2024-11-15 17:00:00,0
2024-11-15 18:00:00,21
2024-11-15 19:00:00,18
2024-11-15 20:00:00,4
2024-11-15 21:00:00,1
2024-11-15 22:00:00,42
2024-11-15 23:00:00,2
2024-11-16 00:00:00,0
2024-11-16 01:00:00,8
2024-11-16 02:00:00,6
2024-11-16 03:00:00,0
2024-11-16 04:00:00,0
2024-11-16 05:00:00,0
2024-11-16 06:00:00,0
2024-11-16 07:00:00,0
2024-11-16 08:00:00,0
2024-11-16 09:00:00,0
2024-11-16 10:00:00,0
2024-11-16 11:00:00,0
2024-11-16 12:00:00,0
2024-11-16 13:00:00,0
2024-11-16 14:00:00,0
2024-11-16 15:00:00,1
2024-11-16 16:00:00,2
2024-11-16 17:00:00,0
2024-11-16 18:00:00,0
2024-11-16 19:00:00,4
2024-11-16 20:00:00,0
2024-11-16 21:00:00,18
2024-11-16 22:00:00,39
2024-11-16 23:00:00,15
2024-11-17 00:00:00,2
2024-11-17 01:00:00,0
2024-11-17 02:00:00,1
2024-11-17 03:00:00,11
2024-11-17 04:00:00,6
2024-11-17 05:00:00,1
2024-11-17 06:00:00,0
2024-11-17 07:00:00,0
2024-11-17 08:00:00,0
2024-11-17 09:00:00,0
2024-11-17 10:00:00,0
2024-11-17 11:00:00,0
2024-11-17 12:00:00,0
2024-11-17 13:00:00,0
2024-11-17 14:00:00,0
2024-11-17 15:00:00,0
2024-11-17 16:00:00,0
2024-11-17 17:00:00,1
2024-11-17 18:00:00,10
2024-11-17 19:00:00,5
2024-11-17 20:00:00,0
2024-11-17 21:00:00,30
2024-11-17 22:00:00,19
2024-11-17 23:00:00,0
2024-11-18 00:00:00,4
2024-11-18 01:00:00,0
2024-11-18 02:00:00,6
2024-11-18 03:00:00,25
2024-11-18 04:00:00,0
2024-11-18 05:00:00,0
2024-11-18 06:00:00,1
2024-11-18 07:00:00,8
2024-11-18 08:00:00,0
2024-11-18 09:00:00,5
2024-11-18 10:00:00,0
2024-11-18 11:00:00,0
2024-11-18 12:00:00,0
2024-11-18 13:00:00,0
2024-11-18 14:00:00,0
2024-11-18 15:00:00,0
2024-11-18 16:00:00,0
2024-11-18 17:00:00,1
2024-11-18 18:00:00,1
2024-11-18 19:00:00,0
2024-11-18 20:00:00,0
2024-11-18 21:00:00,7
2024-11-18 22:00:00,0
2024-11-18 23:00:00,5
2024-11-19 00:00:00,0
2024-11-19 01:00:00,14
2024-11-19 02:00:00,1
2024-11-19 03:00:00,2
2024-11-19 04:00:00,6
2024-11-19 05:00:00,6
2024-11-19 06:00:00,0
2024-11-19 07:00:00,0
2024-11-19 08:00:00,0
2024-11-19 09:00:00,0
2024-11-19 10:00:00,0
2024-11-19 11:00:00,0
2024-11-19 12:00:00,0
2024-11-19 13:00:00,0
2024-11-19 14:00:00,0
2024-11-19 15:00:00,0
2024-11-19 16:00:00,24
2024-11-19 17:00:00,58
2024-11-19 18:00:00,82
2024-11-19 19:00:00,12
2024-11-19 20:00:00,32
2024-11-19 21:00:00,148
2024-11-19 22:00:00,115
2024-11-19 23:00:00,63
2024-11-20 00:00:00,80
2024-11-20 01:00:00,29
2024-11-20 02:00:00,37
2024-11-20 03:00:00,56
2024-11-20 04:00:00,5
2024-11-20 05:00:00,2
2024-11-20 06:00:00,1
2024-11-20 07:00:00,0
2024-11-20 08:00:00,11
2024-11-20 09:00:00,3
2024-11-20 10:00:00,0
2024-11-20 11:00:00,0
2024-11-20 12:00:00,0
2024-11-20 13:00:00,0
2024-11-20 14:00:00,0
2024-11-20 15:00:00,0
2024-11-20 16:00:00,20
2024-11-20 17:00:00,95
2024-11-20 18:00:00,184
2024-11-20 19:00:00,13
2024-11-20 20:00:00,30
2024-11-20 21:00:00,189
2024-11-20 22:00:00,151
2024-11-20 23:00:00,208
2024-11-21 00:00:00,355
2024-11-21 01:00:00,73
2024-11-21 02:00:00,29
2024-11-21 03:00:00,34
2024-11-21 04:00:00,7
2024-11-21 05:00:00,7
2024-11-21 06:00:00,1
2024-11-21 07:00:00,0
2024-11-21 08:00:00,0
2024-11-21 09:00:00,0
2024-11-21 10:00:00,0
2024-11-21 11:00:00,0
2024-11-21 12:00:00,0
2024-11-21 13:00:00,0
2024-11-21 14:00:00,0
2024-11-21 15:00:00,0
2024-11-21 16:00:00,67
2024-11-21 17:00:00,155
2024-11-21 18:00:00,169
2024-11-21 19:00:00,17
2024-11-21 20:00:00,58
2024-11-21 21:00:00,238
2024-11-21 22:00:00,141
2024-11-21 23:00:00,248
2024-11-22 00:00:00,195
2024-11-22 01:00:00,56
2024-11-22 02:00:00,68
2024-11-22 03:00:00,29
2024-11-22 04:00:00,21
2024-11-22 05:00:00,9
2024-11-22 06:00:00,0
2024-11-22 07:00:00,0
2024-11-22 08:00:00,35
2024-11-22 09:00:00,27
2024-11-22 10:00:00,0
2024-11-22 11:00:00,0
2024-11-22 12:00:00,0
2024-11-22 13:00:00,0
2024-11-22 14:00:00,3
2024-11-22 15:00:00,10
2024-11-22 16:00:00,22
2024-11-22 17:00:00,87
2024-11-22 18:00:00,107
2024-11-22 19:00:00,50
2024-11-22 20:00:00,52
2024-11-22 21:00:00,154
2024-11-22 22:00:00,223
2024-11-22 23:00:00,324
2024-11-23 00:00:00,277
2024-11-23 01:00:00,67
2024-11-23 02:00:00,10
2024-11-23 03:00:00,16
2024-11-23 04:00:00,31
2024-11-23 05:00:00,4
2024-11-23 06:00:00,5
2024-11-23 07:00:00,1
2024-11-23 08:00:00,0
2024-11-23 09:00:00,0
2024-11-23 10:00:00,0
2024-11-23 11:00:00,0
2024-11-23 12:00:00,0
2024-11-23 13:00:00,0
2024-11-23 14:00:00,0
2024-11-23 15:00:00,0
2024-11-23 16:00:00,0
2024-11-23 17:00:00,0
2024-11-23 18:00:00,6
2024-11-23 19:00:00,1
2024-11-23 20:00:00,0
2024-11-23 21:00:00,9
2024-11-23 22:00:00,4
2024-11-23 23:00:00,0
2024-11-24 00:00:00,14
2024-11-24 01:00:00,2
2024-11-24 02:00:00,0
2024-11-24 03:00:00,0
2024-11-24 04:00:00,12
2024-11-24 05:00:00,9
2024-11-24 06:00:00,18
2024-11-24 07:00:00,3
2024-11-24 08:00:00,7
2024-11-24 09:00:00,0
2024-11-24 10:00:00,0
2024-11-24 11:00:00,0
2024-11-24 12:00:00,0
2024-11-24 13:00:00,0
2024-11-24 14:00:00,0
2024-11-24 15:00:00,0
2024-11-24 16:00:00,32
2024-11-24 17:00:00,124
2024-11-24 18:00:00,182
2024-11-24 19:00:00,19
2024-11-24 20:00:00,54
2024-11-24 21:00:00,246
2024-11-24 22:00:00,234
2024-11-24 23:00:00,204
2024-11-25 00:00:00,162
2024-11-25 01:00:00,41
2024-11-25 02:00:00,56
2024-11-25 03:00:00,38
2024-11-25 04:00:00,45
2024-11-25 05:00:00,15
2024-11-25 06:00:00,33
2024-11-25 07:00:00,15
2024-11-25 08:00:00,0
2024-11-25 09:00:00,2
2024-11-25 10:00:00,10
2024-11-25 11:00:00,0
2024-11-25 12:00:00,0
2024-11-25 13:00:00,0
2024-11-25 14:00:00,0
2024-11-25 15:00:00,3
2024-11-25 16:00:00,17
2024-11-25 17:00:00,129
2024-11-25 18:00:00,169
2024-11-25 19:00:00,18
2024-11-25 20:00:00,57
2024-11-25 21:00:00,204
2024-11-25 22:00:00,256
2024-11-25 23:00:00,215
2024-11-26 00:00:00,261
2024-11-26 01:00:00,45
2024-11-26 02:00:00,57
2024-11-26 03:00:00,84
2024-11-26 04:00:00,22
2024-11-26 05:00:00,19
2024-11-26 06:00:00,11
2024-11-26 07:00:00,8
2024-11-26 08:00:00,4
2024-11-26 09:00:00,0
2024-11-26 10:00:00,14
2024-11-26 11:00:00,0
2024-11-26 12:00:00,0
2024-11-26 13:00:00,0
2024-11-26 14:00:00,0
2024-11-26 15:00:00,2
2024-11-26 16:00:00,36
2024-11-26 17:00:00,147
2024-11-26 18:00:00,197
2024-11-26 19:00:00,55
2024-11-26 20:00:00,58
2024-11-26 21:00:00,220
2024-11-26 22:00:00,289
2024-11-26 23:00:00,246
2024-11-27 00:00:00,210
2024-11-27 01:00:00,35
2024-11-27 02:00:00,25
2024-11-27 03:00:00,30
2024-11-27 04:00:00,32
2024-11-27 05:00:00,11
2024-11-27 06:00:00,24
2024-11-27 07:00:00,4
2024-11-27 08:00:00,0
2024-11-27 09:00:00,2
2024-11-27 10:00:00,1
2024-11-27 11:00:00,2
2024-11-27 12:00:00,0
2024-11-27 13:00:00,0
2024-11-27 14:00:00,0
2024-11-27 15:00:00,0
2024-11-27 16:00:00,34
2024-11-27 17:00:00,133
2024-11-27 18:00:00,161
2024-11-27 19:00:00,22
2024-11-27 20:00:00,72
2024-11-27 21:00:00,171
2024-11-27 22:00:00,191
2024-11-27 23:00:00,195
2024-11-28 00:00:00,231
2024-11-28 01:00:00,88
2024-11-28 02:00:00,89
2024-11-28 03:00:00,70
2024-11-28 04:00:00,23
2024-11-28 05:00:00,18
2024-11-28 06:00:00,27
2024-11-28 07:00:00,25
2024-11-28 08:00:00,1
2024-11-28 09:00:00,0
2024-11-28 10:00:00,0
2024-11-28 11:00:00,0
2024-11-28 12:00:00,0
2024-11-28 13:00:00,0
2024-11-28 14:00:00,0
2024-11-28 15:00:00,13
2024-11-28 16:00:00,77
2024-11-28 17:00:00,174
2024-11-28 18:00:00,234
2024-11-28 19:00:00,42
2024-11-28 20:00:00,115
2024-11-28 21:00:00,253
2024-11-28 22:00:00,254
2024-11-28 23:00:00,198
2024-11-29 00:00:00,317
2024-11-29 01:00:00,48
2024-11-29 02:00:00,14
2024-11-29 03:00:00,3
2024-11-29 04:00:00,32
2024-11-29 05:00:00,54
2024-11-29 06:00:00,76
2024-11-29 07:00:00,91
2024-11-29 08:00:00,12
2024-11-29 09:00:00,1
2024-11-29 10:00:00,0
2024-11-29 11:00:00,0
2024-11-29 12:00:00,0
2024-11-29 13:00:00,0
2024-11-29 14:00:00,0
2024-11-29 15:00:00,0
2024-11-29 16:00:00,5
2024-11-29 17:00:00,11
2024-11-29 18:00:00,15
2024-11-29 19:00:00,8
2024-11-29 20:00:00,30
2024-11-29 21:00:00,22
2024-11-29 22:00:00,18
2024-11-29 23:00:00,34
2024-11-30 00:00:00,47
2024-11-30 01:00:00,28
2024-11-30 02:00:00,13
2024-11-30 03:00:00,9
2024-11-30 04:00:00,36
2024-11-30 05:00:00,14
2024-11-30 06:00:00,14
2024-11-30 07:00:00,4
2024-11-30 08:00:00,0
2024-11-30 09:00:00,0
2024-11-30 10:00:00,0
2024-11-30 11:00:00,0
2024-11-30 12:00:00,0
2024-11-30 13:00:00,0
2024-11-30 14:00:00,0
2024-11-30 15:00:00,0
2024-11-30 16:00:00,2
2024-11-30 17:00:00,5
2024-11-30 18:00:00,13
2024-11-30 19:00:00,25
2024-11-30 20:00:00,2
2024-11-30 21:00:00,6
2024-11-30 22:00:00,18
2024-11-30 23:00:00,35
2024-12-01 00:00:00,24
2024-12-01 01:00:00,10
2024-12-01 02:00:00,27
2024-12-01 03:00:00,29
2024-12-01 04:00:00,49
2024-12-01 05:00:00,2
2024-12-01 06:00:00,15
2024-12-01 07:00:00,25
2024-12-01 08:00:00,0
2024-12-01 09:00:00,0
2024-12-01 10:00:00,0
2024-12-01 11:00:00,0
2024-12-01 12:00:00,0
2024-12-01 13:00:00,0
2024-12-01 14:00:00,0
2024-12-01 15:00:00,0
2024-12-01 16:00:00,14
2024-12-01 17:00:00,135
2024-12-01 18:00:00,195
2024-12-01 19:00:00,22
2024-12-01 20:00:00,123
2024-12-01 21:00:00,282
2024-12-01 22:00:00,197
2024-12-01 23:00:00,202
2024-12-02 00:00:00,196
2024-12-02 01:00:00,51
2024-12-02 02:00:00,136
2024-12-02 03:00:00,99
2024-12-02 04:00:00,54
2024-12-02 05:00:00,29
2024-12-02 06:00:00,19
2024-12-02 07:00:00,12
2024-12-02 08:00:00,6
2024-12-02 09:00:00,0
2024-12-02 10:00:00,0
2024-12-02 11:00:00,0
2024-12-02 12:00:00,0
2024-12-02 13:00:00,0
2024-12-02 14:00:00,0
2024-12-02 15:00:00,7
2024-12-02 16:00:00,44
2024-12-02 17:00:00,268
2024-12-02 18:00:00,220
2024-12-02 19:00:00,43
2024-12-02 20:00:00,90
2024-12-02 21:00:00,262
2024-12-02 22:00:00,243
2024-12-02 23:00:00,355
2024-12-03 00:00:00,400
2024-12-03 01:00:00,157
2024-12-03 02:00:00,170
2024-12-03 03:00:00,250
2024-12-03 04:00:00,44
2024-12-03 05:00:00,57
2024-12-03 06:00:00,8
2024-12-03 07:00:00,3
2024-12-03 08:00:00,3
2024-12-03 09:00:00,0
2024-12-03 10:00:00,0
2024-12-03 11:00:00,0
2024-12-03 12:00:00,0
2024-12-03 13:00:00,2
2024-12-03 14:00:00,0
2024-12-03 15:00:00,4
2024-12-03 16:00:00,99
2024-12-03 17:00:00,274
2024-12-03 18:00:00,223
2024-12-03 19:00:00,62
2024-12-03 20:00:00,116
2024-12-03 21:00:00,223
2024-12-03 22:00:00,322
2024-12-03 23:00:00,311
2024-12-04 00:00:00,245
2024-12-04 01:00:00,52
2024-12-04 02:00:00,152
2024-12-04 03:00:00,138
2024-12-04 04:00:00,68
2024-12-04 05:00:00,13
2024-12-04 06:00:00,17
2024-12-04 07:00:00,11
2024-12-04 08:00:00,28
2024-12-04 09:00:00,0
2024-12-04 10:00:00,0
2024-12-04 11:00:00,0
2024-12-04 12:00:00,0
2024-12-04 13:00:00,0
2024-12-04 14:00:00,0
2024-12-04 15:00:00,0
2024-12-04 16:00:00,28
2024-12-04 17:00:00,253
2024-12-04 18:00:00,308
2024-12-04 19:00:00,119
2024-12-04 20:00:00,73
2024-12-04 21:00:00,241
2024-12-04 22:00:00,212
2024-12-04 23:00:00,293
2024-12-05 00:00:00,298
2024-12-05 01:00:00,119
2024-12-05 02:00:00,156
2024-12-05 03:00:00,190
2024-12-05 04:00:00,101
2024-12-05 05:00:00,33
2024-12-05 06:00:00,28
2024-12-05 07:00:00,15
2024-12-05 08:00:00,4
2024-12-05 09:00:00,0
2024-12-05 10:00:00,0
2024-12-05 11:00:00,0
2024-12-05 12:00:00,0
2024-12-05 13:00:00,0
2024-12-05 14:00:00,0
2024-12-05 15:00:00,0
2024-12-05 16:00:00,72
2024-12-05 17:00:00,210
2024-12-05 18:00:00,236
2024-12-05 19:00:00,28
2024-12-05 20:00:00,60
2024-12-05 21:00:00,332
2024-12-05 22:00:00,287
2024-12-05 23:00:00,339
2024-12-06 00:00:00,436
2024-12-06 01:00:00,109
2024-12-06 02:00:00,42
2024-12-06 03:00:00,26
2024-12-06 04:00:00,24
2024-12-06 05:00:00,3
2024-12-06 06:00:00,12
2024-12-06 07:00:00,8
2024-12-06 08:00:00,0
2024-12-06 09:00:00,1
2024-12-06 10:00:00,0
2024-12-06 11:00:00,0
2024-12-06 12:00:00,0
2024-12-06 13:00:00,0
2024-12-06 14:00:00,0
2024-12-06 15:00:00,0
2024-12-06 16:00:00,1
2024-12-06 17:00:00,8
2024-12-06 18:00:00,38
2024-12-06 19:00:00,37
2024-12-06 20:00:00,54
2024-12-06 21:00:00,32
2024-12-06 22:00:00,47
2024-12-06 23:00:00,35
2024-12-07 00:00:00,68
2024-12-07 01:00:00,61
2024-12-07 02:00:00,46
2024-12-07 03:00:00,56
2024-12-07 04:00:00,10
2024-12-07 05:00:00,26
2024-12-07 06:00:00,13
2024-12-07 07:00:00,17
2024-12-07 08:00:00,9
2024-12-07 09:00:00,4
2024-12-07 10:00:00,3
2024-12-07 11:00:00,0
2024-12-07 12:00:00,0
2024-12-07 13:00:00,0
2024-12-07 14:00:00,0
2024-12-07 15:00:00,0
2024-12-07 16:00:00,6
2024-12-07 17:00:00,3
2024-12-07 18:00:00,5
2024-12-07 19:00:00,5
2024-12-07 20:00:00,13
2024-12-07 21:00:00,36
2024-12-07 22:00:00,17
2024-12-07 23:00:00,2
2024-12-08 00:00:00,8
2024-12-08 01:00:00,1
2024-12-08 02:00:00,28
2024-12-08 03:00:00,16
2024-12-08 04:00:00,40
2024-12-08 05:00:00,28
2024-12-08 06:00:00,14
2024-12-08 07:00:00,3
2024-12-08 08:00:00,3
2024-12-08 09:00:00,0
2024-12-08 10:00:00,8
2024-12-08 11:00:00,0
2024-12-08 12:00:00,0
2024-12-08 13:00:00,1
2024-12-08 14:00:00,0
2024-12-08 15:00:00,0
2024-12-08 16:00:00,37
2024-12-08 17:00:00,72
